{"mode": "train", "epoch": 1, "iter": 10, "lr": 0.0025, "memory": 6892, "data_time": 0.21429, "loss_rpn_cls": 0.14996, "loss_rpn_bbox": 0.04181, "loss_anchor_shape": 0.02072, "loss_anchor_loc": 0.188, "loss_cls": 0.19346, "acc": 92.07031, "loss_bbox": 0.00145, "loss": 0.59541, "grad_norm": 14.36933, "time": 1.00058}
{"mode": "train", "epoch": 1, "iter": 20, "lr": 0.0025, "memory": 6892, "data_time": 0.00326, "loss_rpn_cls": 0.01651, "loss_rpn_bbox": 0.03856, "loss_anchor_shape": 0.02455, "loss_anchor_loc": 0.01378, "loss_cls": 0.02853, "acc": 99.45312, "loss_bbox": 0.01095, "loss": 0.13288, "grad_norm": 0.74015, "time": 0.29179}
{"mode": "train", "epoch": 1, "iter": 30, "lr": 0.0025, "memory": 6892, "data_time": 0.00336, "loss_rpn_cls": 0.01317, "loss_rpn_bbox": 0.03016, "loss_anchor_shape": 0.02317, "loss_anchor_loc": 0.01249, "loss_cls": 0.0234, "acc": 99.49219, "loss_bbox": 0.00898, "loss": 0.11137, "grad_norm": 0.61886, "time": 0.28052}
{"mode": "train", "epoch": 1, "iter": 40, "lr": 0.0025, "memory": 6892, "data_time": 0.00369, "loss_rpn_cls": 0.01098, "loss_rpn_bbox": 0.03378, "loss_anchor_shape": 0.02295, "loss_anchor_loc": 0.01183, "loss_cls": 0.01894, "acc": 99.60938, "loss_bbox": 0.00082, "loss": 0.09929, "grad_norm": 0.54308, "time": 0.30345}
